judul,harga_numeric,rating_numeric,tersedia,kategori_harga
The Quiet Horizon,22.07,3,True,Sedang
The Broken River,53.72,2,True,Mahal
The Distant Horizon,49.6,4,True,Mahal
The Crimson Lantern,33.81,5,True,Sedang
The Forgotten Compass,50.73,5,True,Mahal
The Scattered Harbor,19.26,3,True,Murah
The Wandering Harbor,42.65,5,True,Mahal
The Hidden Meridian,31.65,1,True,Sedang
The Endless Threshold,15.15,1,True,Murah
The Frozen Horizon,13.28,3,True,Murah
The Golden Shadow,25.63,1,True,Sedang
The Endless Coastline,29.23,1,True,Sedang
The Hidden Chronicle,20.35,3,True,Sedang
The Scattered Orchard,30.83,1,True,Sedang
The Whispering Harbor,53.14,1,True,Mahal
The Hidden Garden,34.48,3,True,Sedang
The Endless Letter,49.03,4,True,Mahal
The Forgotten Orchard,26.12,2,True,Sedang
The Golden Chronicle,44.16,2,True,Mahal
The Endless Meridian,56.52,1,True,Mahal
The Broken Orchard,45.58,2,True,Mahal
The Forgotten Lantern,16.91,5,True,Murah
The Silent Garden,19.42,1,True,Murah
The Silent River,41.01,2,True,Mahal
The Crimson Shadow,52.47,1,True,Mahal
The Crimson Harbor,40.96,2,True,Mahal
The Faded Chronicle,52.77,2,True,Mahal
The Wandering Shadow,32.72,4,True,Sedang
The Rising Chronicle,28.08,4,True,Sedang
The Frozen River,49.96,4,True,Mahal
The Broken Harbor,30.7,3,True,Sedang
The Golden Coastline,11.49,3,True,Murah
The Hidden Mountain,18.27,4,True,Murah
The Silent Coastline,46.93,3,True,Mahal
The Scattered Garden,39.69,2,True,Sedang
The Rising Meridian,44.65,2,True,Mahal
The Distant Meridian,59.59,1,True,Mahal
The Endless Chronicle,59.65,3,True,Mahal
The Silent Mountain,54.87,5,True,Mahal
The Hidden Letter,41.09,2,True,Mahal
The Crimson Archive,39.73,2,True,Sedang
The Quiet Threshold,10.91,3,True,Murah
The Faded River,53.69,2,True,Mahal
The Golden Lantern,37.68,3,True,Sedang
The Quiet Meridian,46.29,3,True,Mahal
The Wandering Archive,30.96,3,True,Sedang
The Frozen Threshold,49.8,3,True,Mahal
The Silent Letter,14.7,5,True,Murah
The Whispering River,17.47,5,True,Murah
The Scattered Shadow,19.98,5,True,Murah
The Distant Threshold,20.61,3,True,Sedang
The Wandering Lantern,28.95,3,True,Sedang
The Rising Garden,46.56,4,True,Mahal
The Wandering Threshold,15.23,5,True,Murah
The Faded Coastline,14.99,2,True,Murah
The Wandering Letter,11.16,5,True,Murah
The Whispering Coastline,54.38,3,True,Mahal
The Scattered Lantern,40.44,3,True,Mahal
The Broken Mountain,40.09,5,True,Mahal
The Endless Garden,28.86,3,True,Sedang
The Hidden Harbor,44.23,3,True,Mahal
The Frozen Archive,14.95,4,True,Murah
The Golden Compass,23.91,2,True,Sedang
The Rising Threshold,36.1,3,True,Sedang
The Distant Letter,12.26,3,True,Murah
The Golden Garden,42.63,3,True,Mahal
The Frozen Chronicle,22.62,2,True,Sedang
The Frozen Lantern,57.65,1,True,Mahal
The Frozen Letter,25.22,3,True,Sedang
The Hidden Coastline,40.84,3,True,Mahal
The Faded Orchard,22.66,2,True,Sedang
The Distant Garden,39.21,4,True,Sedang
The Faded Meridian,28.56,3,True,Sedang
The Broken Garden,48.62,2,True,Mahal
The Hidden Shadow,15.02,2,True,Murah
The Rising River,18.97,3,True,Murah
The Faded Horizon,22.26,4,True,Sedang
The Forgotten River,53.73,3,True,Mahal
The Faded Compass,22.42,2,True,Sedang
The Endless Harbor,57.0,5,True,Mahal
The Endless Mountain,31.73,2,True,Sedang
The Crimson Mountain,57.61,3,True,Mahal
The Distant Mountain,20.39,2,True,Sedang
The Crimson Chronicle,15.95,5,True,Murah
The Silent Horizon,40.41,3,True,Mahal
The Broken Threshold,36.59,2,True,Sedang
The Forgotten Coastline,50.92,4,True,Mahal
The Frozen Mountain,17.64,5,True,Murah
The Endless Archive,12.51,3,True,Murah
The Whispering Horizon,41.14,4,True,Mahal
The Wandering Coastline,56.19,3,True,Mahal
The Golden Harbor,10.12,5,True,Murah
The Quiet Harbor,13.1,3,True,Murah
The Broken Meridian,17.62,4,True,Murah
The Hidden Orchard,56.09,3,True,Mahal
The Whispering Letter,33.05,4,True,Sedang
The Crimson Garden,57.5,3,True,Mahal
The Endless Compass,43.9,4,True,Mahal
The Distant Compass,32.48,5,True,Sedang
The Silent Meridian,59.59,3,True,Mahal
