judul,harga_mentah,rating_mentah,ketersediaan_mentah
The Quiet Horizon,£22.07,Three,In stock
The Broken River,£53.72,Two,In stock
The Distant Horizon,£49.60,Four,In stock
The Crimson Lantern,£33.81,Five,In stock
The Forgotten Compass,£50.73,Five,In stock
The Scattered Harbor,£19.26,Three,In stock
The Wandering Harbor,£42.65,Five,In stock
The Hidden Meridian,£31.65,One,In stock
The Endless Threshold,£15.15,One,In stock
The Frozen Horizon,£13.28,Three,In stock
The Golden Shadow,£25.63,One,In stock
The Endless Coastline,£29.23,One,In stock
The Hidden Chronicle,£20.35,Three,In stock
The Scattered Orchard,£30.83,One,In stock
The Whispering Harbor,£53.14,One,In stock
The Hidden Garden,£34.48,Three,In stock
The Endless Letter,£49.03,Four,In stock
The Forgotten Orchard,£26.12,Two,In stock
The Golden Chronicle,£44.16,Two,In stock
The Endless Meridian,£56.52,One,In stock
The Broken Orchard,£45.58,Two,In stock
The Forgotten Lantern,£16.91,Five,In stock
The Silent Garden,£19.42,One,In stock
The Silent River,£41.01,Two,In stock
The Crimson Shadow,£52.47,One,In stock
The Crimson Harbor,£40.96,Two,In stock
The Faded Chronicle,£52.77,Two,In stock
The Wandering Shadow,£32.72,Four,In stock
The Rising Chronicle,£28.08,Four,In stock
The Frozen River,£49.96,Four,In stock
The Broken Harbor,£30.70,Three,In stock
The Golden Coastline,£11.49,Three,In stock
The Hidden Mountain,£18.27,Four,In stock
The Silent Coastline,£46.93,Three,In stock
The Scattered Garden,£39.69,Two,In stock
The Rising Meridian,£44.65,Two,In stock
The Distant Meridian,£59.59,One,In stock
The Endless Chronicle,£59.65,Three,In stock
The Silent Mountain,£54.87,Five,In stock
The Hidden Letter,£41.09,Two,In stock
The Crimson Archive,£39.73,Two,In stock
The Quiet Threshold,£10.91,Three,In stock
The Faded River,£53.69,Two,In stock
The Golden Lantern,£37.68,Three,In stock
The Quiet Meridian,£46.29,Three,In stock
The Wandering Archive,£30.96,Three,In stock
The Frozen Threshold,£49.80,Three,In stock
The Silent Letter,£14.70,Five,In stock
The Whispering River,£17.47,Five,In stock
The Scattered Shadow,£19.98,Five,In stock
The Distant Threshold,£20.61,Three,In stock
The Wandering Lantern,£28.95,Three,In stock
The Rising Garden,£46.56,Four,In stock
The Wandering Threshold,£15.23,Five,In stock
The Faded Coastline,£14.99,Two,In stock
The Wandering Letter,£11.16,Five,In stock
The Whispering Coastline,£54.38,Three,In stock
The Scattered Lantern,£40.44,Three,In stock
The Broken Mountain,£40.09,Five,In stock
The Endless Garden,£28.86,Three,In stock
The Hidden Harbor,£44.23,Three,In stock
The Frozen Archive,£14.95,Four,In stock
The Golden Compass,£23.91,Two,In stock
The Rising Threshold,£36.10,Three,In stock
The Distant Letter,£12.26,Three,In stock
The Golden Garden,£42.63,Three,In stock
The Frozen Chronicle,£22.62,Two,In stock
The Frozen Lantern,£57.65,One,In stock
The Frozen Letter,£25.22,Three,In stock
The Hidden Coastline,£40.84,Three,In stock
The Faded Orchard,£22.66,Two,In stock
The Distant Garden,£39.21,Four,In stock
The Faded Meridian,£28.56,Three,In stock
The Broken Garden,£48.62,Two,In stock
The Hidden Shadow,£15.02,Two,In stock
The Rising River,£18.97,Three,In stock
The Faded Horizon,£22.26,Four,In stock
The Forgotten River,£53.73,Three,In stock
The Faded Compass,£22.42,Two,In stock
The Endless Harbor,£57.00,Five,In stock
The Endless Mountain,£31.73,Two,In stock
The Crimson Mountain,£57.61,Three,In stock
The Distant Mountain,£20.39,Two,In stock
The Crimson Chronicle,£15.95,Five,In stock
The Silent Horizon,£40.41,Three,In stock
The Broken Threshold,£36.59,Two,In stock
The Forgotten Coastline,£50.92,Four,In stock
The Frozen Mountain,£17.64,Five,In stock
The Endless Archive,£12.51,Three,In stock
The Whispering Horizon,£41.14,Four,In stock
The Wandering Coastline,£56.19,Three,In stock
The Golden Harbor,£10.12,Five,In stock
The Quiet Harbor,£13.10,Three,In stock
The Broken Meridian,£17.62,Four,In stock
The Hidden Orchard,£56.09,Three,In stock
The Whispering Letter,£33.05,Four,In stock
The Crimson Garden,£57.50,Three,In stock
The Endless Compass,£43.90,Four,In stock
The Distant Compass,£32.48,Five,In stock
The Silent Meridian,£59.59,Three,In stock
The Crimson Lantern,£33.81,Five,In stock
