judul,harga_numeric,rating_numeric,tersedia,kategori_harga,outlier_harga_iqr
The Quiet Horizon,22.07,3,True,Sedang,False
The Broken River,53.72,2,True,Mahal,False
The Distant Horizon,49.6,4,True,Mahal,False
The Crimson Lantern,33.81,5,True,Sedang,False
The Forgotten Compass,50.73,5,True,Mahal,False
The Scattered Harbor,19.26,3,True,Murah,False
The Wandering Harbor,42.65,5,True,Mahal,False
The Hidden Meridian,31.65,1,True,Sedang,False
The Endless Threshold,15.15,1,True,Murah,False
The Frozen Horizon,13.28,3,True,Murah,False
The Golden Shadow,25.63,1,True,Sedang,False
The Endless Coastline,29.23,1,True,Sedang,False
The Hidden Chronicle,20.35,3,True,Sedang,False
The Scattered Orchard,30.83,1,True,Sedang,False
The Whispering Harbor,53.14,1,True,Mahal,False
The Hidden Garden,34.48,3,True,Sedang,False
The Endless Letter,49.03,4,True,Mahal,False
The Forgotten Orchard,26.12,2,True,Sedang,False
The Golden Chronicle,44.16,2,True,Mahal,False
The Endless Meridian,56.52,1,True,Mahal,False
The Broken Orchard,45.58,2,True,Mahal,False
The Forgotten Lantern,16.91,5,True,Murah,False
The Silent Garden,19.42,1,True,Murah,False
The Silent River,41.01,2,True,Mahal,False
The Crimson Shadow,52.47,1,True,Mahal,False
The Crimson Harbor,40.96,2,True,Mahal,False
The Faded Chronicle,52.77,2,True,Mahal,False
The Wandering Shadow,32.72,4,True,Sedang,False
The Rising Chronicle,28.08,4,True,Sedang,False
The Frozen River,49.96,4,True,Mahal,False
The Broken Harbor,30.7,3,True,Sedang,False
The Golden Coastline,11.49,3,True,Murah,False
The Hidden Mountain,18.27,4,True,Murah,False
The Silent Coastline,46.93,3,True,Mahal,False
The Scattered Garden,39.69,2,True,Sedang,False
The Rising Meridian,44.65,2,True,Mahal,False
The Distant Meridian,59.59,1,True,Mahal,False
The Endless Chronicle,59.65,3,True,Mahal,False
The Silent Mountain,54.87,5,True,Mahal,False
The Hidden Letter,41.09,2,True,Mahal,False
The Crimson Archive,39.73,2,True,Sedang,False
The Quiet Threshold,10.91,3,True,Murah,False
The Faded River,53.69,2,True,Mahal,False
The Golden Lantern,37.68,3,True,Sedang,False
The Quiet Meridian,46.29,3,True,Mahal,False
The Wandering Archive,30.96,3,True,Sedang,False
The Frozen Threshold,49.8,3,True,Mahal,False
The Silent Letter,14.7,5,True,Murah,False
The Whispering River,17.47,5,True,Murah,False
The Scattered Shadow,19.98,5,True,Murah,False
The Distant Threshold,20.61,3,True,Sedang,False
The Wandering Lantern,28.95,3,True,Sedang,False
The Rising Garden,46.56,4,True,Mahal,False
The Wandering Threshold,15.23,5,True,Murah,False
The Faded Coastline,14.99,2,True,Murah,False
The Wandering Letter,11.16,5,True,Murah,False
The Whispering Coastline,54.38,3,True,Mahal,False
The Scattered Lantern,40.44,3,True,Mahal,False
The Broken Mountain,40.09,5,True,Mahal,False
The Endless Garden,28.86,3,True,Sedang,False
The Hidden Harbor,44.23,3,True,Mahal,False
The Frozen Archive,14.95,4,True,Murah,False
The Golden Compass,23.91,2,True,Sedang,False
The Rising Threshold,36.1,3,True,Sedang,False
The Distant Letter,12.26,3,True,Murah,False
The Golden Garden,42.63,3,True,Mahal,False
The Frozen Chronicle,22.62,2,True,Sedang,False
The Frozen Lantern,57.65,1,True,Mahal,False
The Frozen Letter,25.22,3,True,Sedang,False
The Hidden Coastline,40.84,3,True,Mahal,False
The Faded Orchard,22.66,2,True,Sedang,False
The Distant Garden,39.21,4,True,Sedang,False
The Faded Meridian,28.56,3,True,Sedang,False
The Broken Garden,48.62,2,True,Mahal,False
The Hidden Shadow,15.02,2,True,Murah,False
The Rising River,18.97,3,True,Murah,False
The Faded Horizon,22.26,4,True,Sedang,False
The Forgotten River,53.73,3,True,Mahal,False
The Faded Compass,22.42,2,True,Sedang,False
The Endless Harbor,57.0,5,True,Mahal,False
The Endless Mountain,31.73,2,True,Sedang,False
The Crimson Mountain,57.61,3,True,Mahal,False
The Distant Mountain,20.39,2,True,Sedang,False
The Crimson Chronicle,15.95,5,True,Murah,False
The Silent Horizon,40.41,3,True,Mahal,False
The Broken Threshold,36.59,2,True,Sedang,False
The Forgotten Coastline,50.92,4,True,Mahal,False
The Frozen Mountain,17.64,5,True,Murah,False
The Endless Archive,12.51,3,True,Murah,False
The Whispering Horizon,41.14,4,True,Mahal,False
The Wandering Coastline,56.19,3,True,Mahal,False
The Golden Harbor,10.12,5,True,Murah,False
The Quiet Harbor,13.1,3,True,Murah,False
The Broken Meridian,17.62,4,True,Murah,False
The Hidden Orchard,56.09,3,True,Mahal,False
The Whispering Letter,33.05,4,True,Sedang,False
The Crimson Garden,57.5,3,True,Mahal,False
The Endless Compass,43.9,4,True,Mahal,False
The Distant Compass,32.48,5,True,Sedang,False
The Silent Meridian,59.59,3,True,Mahal,False
