kota,waktu,suhu_c,kelembapan_persen,presipitasi_mm,kategori_suhu,provinsi,kabupaten_kota,suhu_zscore,outlier_suhu_iqr
Balige,2026-09-28 00:00:00,20.9,83.9,0.0,Sejuk,Sumatera Utara,Toba,-1.1020163064515582,False
Balige,2026-09-28 01:00:00,20.6,83.2,0.0,Sejuk,Sumatera Utara,Toba,-1.18470581161374,False
Balige,2026-09-28 02:00:00,19.6,89.7,0.0,Dingin,Sumatera Utara,Toba,-1.4603374954876824,False
Balige,2026-09-28 03:00:00,18.7,94.3,0.0,Dingin,Sumatera Utara,Toba,-1.708406010974231,False
Balige,2026-09-28 04:00:00,19.1,95.4,0.0,Dingin,Sumatera Utara,Toba,-1.5981533374246537,False
Balige,2026-09-28 05:00:00,18.7,92.8,2.3,Dingin,Sumatera Utara,Toba,-1.708406010974231,False
Balige,2026-09-28 06:00:00,19.5,90.1,0.0,Dingin,Sumatera Utara,Toba,-1.487900663875077,False
Balige,2026-09-28 07:00:00,20.8,88.6,0.0,Sejuk,Sumatera Utara,Toba,-1.129579474838952,False
Balige,2026-09-28 08:00:00,20.5,88.6,0.4,Sejuk,Sumatera Utara,Toba,-1.2122689800011348,False
Balige,2026-09-28 09:00:00,21.7,91.0,0.0,Sejuk,Sumatera Utara,Toba,-0.8815109593524044,False
Balige,2026-09-28 10:00:00,22.0,79.6,0.0,Sejuk,Sumatera Utara,Toba,-0.7988214541902215,False
Balige,2026-09-28 11:00:00,23.8,79.1,0.0,Sejuk,Sumatera Utara,Toba,-0.3026844232171254,False
Balige,2026-09-28 12:00:00,23.4,79.0,0.0,Sejuk,Sumatera Utara,Toba,-0.4129370967667028,False
Balige,2026-09-28 13:00:00,24.9,72.9,0.0,Sejuk,Sumatera Utara,Toba,0.0005104290442104,False
Balige,2026-09-28 14:00:00,25.1,74.0,0.0,Hangat,Sumatera Utara,Toba,0.0556367658189996,False
Balige,2026-09-28 15:00:00,25.5,74.4,0.4,Hangat,Sumatera Utara,Toba,0.1658894393685761,False
Balige,2026-09-28 16:00:00,25.9,67.6,0.0,Hangat,Sumatera Utara,Toba,0.2761421129181526,False
Balige,2026-09-28 17:00:00,25.1,70.4,0.3,Hangat,Sumatera Utara,Toba,0.0556367658189996,False
Balige,2026-09-28 18:00:00,24.6,76.2,0.0,Sejuk,Sumatera Utara,Toba,-0.0821790761179714,False
Balige,2026-09-28 19:00:00,24.4,75.4,0.0,Sejuk,Sumatera Utara,Toba,-0.1373054128927606,False
Balige,2026-09-28 20:00:00,24.3,79.4,2.4,Sejuk,Sumatera Utara,Toba,-0.1648685812801543,False
Balige,2026-09-28 21:00:00,23.6,78.8,0.0,Sejuk,Sumatera Utara,Toba,-0.3578107599919136,False
Balige,2026-09-28 22:00:00,21.6,79.2,0.0,Sejuk,Sumatera Utara,Toba,-0.909074127739798,False
Balige,2026-09-28 23:00:00,21.6,86.7,0.0,Sejuk,Sumatera Utara,Toba,-0.909074127739798,False
Balige,2026-09-29 00:00:00,20.8,88.9,0.0,Sejuk,Sumatera Utara,Toba,-1.129579474838952,False
Balige,2026-09-29 01:00:00,20.3,87.1,0.1,Sejuk,Sumatera Utara,Toba,-1.267395316775923,False
Balige,2026-09-29 02:00:00,18.8,92.1,0.0,Dingin,Sumatera Utara,Toba,-1.6808428425868362,False
Balige,2026-09-29 03:00:00,19.2,93.1,0.0,Dingin,Sumatera Utara,Toba,-1.57059016903726,False
Balige,2026-09-29 04:00:00,19.5,91.7,0.0,Dingin,Sumatera Utara,Toba,-1.487900663875077,False
Balige,2026-09-29 05:00:00,19.2,86.6,0.0,Dingin,Sumatera Utara,Toba,-1.57059016903726,False
Balige,2026-09-29 06:00:00,18.7,87.7,0.0,Dingin,Sumatera Utara,Toba,-1.708406010974231,False
Balige,2026-09-29 07:00:00,19.5,87.9,0.0,Dingin,Sumatera Utara,Toba,-1.487900663875077,False
Balige,2026-09-29 08:00:00,20.5,89.2,0.0,Sejuk,Sumatera Utara,Toba,-1.2122689800011348,False
Balige,2026-09-29 09:00:00,21.3,81.7,0.0,Sejuk,Sumatera Utara,Toba,-0.9917636329019808,False
Balige,2026-09-29 10:00:00,22.8,76.8,0.0,Sejuk,Sumatera Utara,Toba,-0.5783161070910676,False
Balige,2026-09-29 11:00:00,23.3,77.6,0.0,Sejuk,Sumatera Utara,Toba,-0.4405002651540964,False
Balige,2026-09-29 12:00:00,23.9,75.4,0.0,Sejuk,Sumatera Utara,Toba,-0.2751212548297317,False
Balige,2026-09-29 13:00:00,24.6,79.7,0.0,Sejuk,Sumatera Utara,Toba,-0.0821790761179714,False
Balige,2026-09-29 14:00:00,24.5,73.9,2.3,Sejuk,Sumatera Utara,Toba,-0.109742244505366,False
Balige,2026-09-29 15:00:00,25.9,73.4,6.8,Hangat,Sumatera Utara,Toba,0.2761421129181526,False
Balige,2026-09-29 16:00:00,25.1,69.2,0.0,Hangat,Sumatera Utara,Toba,0.0556367658189996,False
Balige,2026-09-29 17:00:00,24.6,74.2,13.6,Sejuk,Sumatera Utara,Toba,-0.0821790761179714,False
Balige,2026-09-29 18:00:00,24.5,74.3,2.5,Sejuk,Sumatera Utara,Toba,-0.109742244505366,False
Balige,2026-09-29 19:00:00,26.3,76.2,0.0,Hangat,Sumatera Utara,Toba,0.38639478646773,False
Balige,2026-09-29 20:00:00,22.6,77.8,0.0,Sejuk,Sumatera Utara,Toba,-0.6334424438658558,False
Balige,2026-09-29 21:00:00,22.9,77.6,4.0,Sejuk,Sumatera Utara,Toba,-0.5507529387036739,False
Balige,2026-09-29 22:00:00,22.4,81.5,0.0,Sejuk,Sumatera Utara,Toba,-0.6885687806406451,False
Balige,2026-09-29 23:00:00,20.5,83.1,0.0,Sejuk,Sumatera Utara,Toba,-1.2122689800011348,False
Balige,2026-09-30 00:00:00,20.9,92.3,0.0,Sejuk,Sumatera Utara,Toba,-1.1020163064515582,False
Balige,2026-09-30 01:00:00,20.6,87.6,0.0,Sejuk,Sumatera Utara,Toba,-1.18470581161374,False
Balige,2026-09-30 02:00:00,18.9,88.5,0.0,Dingin,Sumatera Utara,Toba,-1.6532796741994429,False
Balige,2026-09-30 03:00:00,18.7,94.2,0.0,Dingin,Sumatera Utara,Toba,-1.708406010974231,False
Balige,2026-09-30 04:00:00,19.7,93.2,0.0,Dingin,Sumatera Utara,Toba,-1.4327743271002888,False
Balige,2026-09-30 05:00:00,19.2,89.7,0.0,Dingin,Sumatera Utara,Toba,-1.57059016903726,False
Balige,2026-09-30 06:00:00,19.3,87.0,0.0,Dingin,Sumatera Utara,Toba,-1.5430270006498652,False
Balige,2026-09-30 07:00:00,20.1,93.8,0.0,Sejuk,Sumatera Utara,Toba,-1.3225216535507114,False
Balige,2026-09-30 08:00:00,20.6,87.9,0.0,Sejuk,Sumatera Utara,Toba,-1.18470581161374,False
Balige,2026-09-30 09:00:00,21.6,83.4,0.0,Sejuk,Sumatera Utara,Toba,-0.909074127739798,False
Balige,2026-09-30 10:00:00,22.6,86.6,0.0,Sejuk,Sumatera Utara,Toba,-0.6334424438658558,False
Balige,2026-09-30 11:00:00,22.4,75.3,0.0,Sejuk,Sumatera Utara,Toba,-0.6885687806406451,False
Balige,2026-09-30 12:00:00,24.9,76.5,0.0,Sejuk,Sumatera Utara,Toba,0.0005104290442104,False
Balige,2026-09-30 13:00:00,25.4,71.6,0.0,Hangat,Sumatera Utara,Toba,0.1383262709811815,False
Balige,2026-09-30 14:00:00,25.5,72.2,0.0,Hangat,Sumatera Utara,Toba,0.1658894393685761,False
Balige,2026-09-30 15:00:00,25.3,73.4,0.4,Hangat,Sumatera Utara,Toba,0.1107631025937879,False
Balige,2026-09-30 16:00:00,25.9,65.8,0.0,Hangat,Sumatera Utara,Toba,0.2761421129181526,False
Balige,2026-09-30 17:00:00,22.2,68.7,4.3,Sejuk,Sumatera Utara,Toba,-0.7436951174154333,False
Balige,2026-09-30 18:00:00,25.6,69.4,0.8,Hangat,Sumatera Utara,Toba,0.1934526077559707,False
Balige,2026-09-30 19:00:00,24.9,73.5,0.0,Sejuk,Sumatera Utara,Toba,0.0005104290442104,False
Balige,2026-09-30 20:00:00,22.2,78.6,0.0,Sejuk,Sumatera Utara,Toba,-0.7436951174154333,False
Balige,2026-09-30 21:00:00,23.0,77.3,3.8,Sejuk,Sumatera Utara,Toba,-0.5231897703162793,False
Balige,2026-09-30 22:00:00,22.4,78.7,0.0,Sejuk,Sumatera Utara,Toba,-0.6885687806406451,False
Balige,2026-09-30 23:00:00,21.6,92.1,0.0,Sejuk,Sumatera Utara,Toba,-0.909074127739798,False
Pematangsiantar,2026-09-28 00:00:00,22.2,82.1,0.0,Sejuk,Sumatera Utara,Pematangsiantar,-0.7436951174154333,False
Pematangsiantar,2026-09-28 01:00:00,21.6,86.0,0.0,Sejuk,Sumatera Utara,Pematangsiantar,-0.909074127739798,False
Pematangsiantar,2026-09-28 02:00:00,20.9,84.7,0.0,Sejuk,Sumatera Utara,Pematangsiantar,-1.1020163064515582,False
Pematangsiantar,2026-09-28 03:00:00,20.8,84.5,0.0,Sejuk,Sumatera Utara,Pematangsiantar,-1.129579474838952,False
Pematangsiantar,2026-09-28 04:00:00,22.1,86.4,0.0,Sejuk,Sumatera Utara,Pematangsiantar,-0.771258285802827,False
Pematangsiantar,2026-09-28 05:00:00,21.6,87.4,0.0,Sejuk,Sumatera Utara,Pematangsiantar,-0.909074127739798,False
Pematangsiantar,2026-09-28 06:00:00,20.4,93.0,0.0,Sejuk,Sumatera Utara,Pematangsiantar,-1.2398321483885295,False
Pematangsiantar,2026-09-28 07:00:00,21.3,90.6,0.0,Sejuk,Sumatera Utara,Pematangsiantar,-0.9917636329019808,False
Pematangsiantar,2026-09-28 08:00:00,22.0,81.9,0.0,Sejuk,Sumatera Utara,Pematangsiantar,-0.7988214541902215,False
Pematangsiantar,2026-09-28 09:00:00,24.7,77.6,0.0,Sejuk,Sumatera Utara,Pematangsiantar,-0.0546159077305778,False
Pematangsiantar,2026-09-28 10:00:00,25.1,79.3,0.0,Hangat,Sumatera Utara,Pematangsiantar,0.0556367658189996,False
Pematangsiantar,2026-09-28 11:00:00,25.5,71.3,0.3,Hangat,Sumatera Utara,Pematangsiantar,0.1658894393685761,False
Pematangsiantar,2026-09-28 12:00:00,26.6,71.3,0.0,Hangat,Sumatera Utara,Pematangsiantar,0.4690842916299129,False
Pematangsiantar,2026-09-28 13:00:00,27.9,71.4,0.0,Hangat,Sumatera Utara,Pematangsiantar,0.827405480666037,False
Pematangsiantar,2026-09-28 14:00:00,27.9,69.3,0.0,Hangat,Sumatera Utara,Pematangsiantar,0.827405480666037,False
Pematangsiantar,2026-09-28 15:00:00,28.5,68.0,0.8,Hangat,Sumatera Utara,Pematangsiantar,0.9927844909904028,False
Pematangsiantar,2026-09-28 16:00:00,28.6,65.7,0.0,Hangat,Sumatera Utara,Pematangsiantar,1.0203476593777974,False
Pematangsiantar,2026-09-28 17:00:00,28.4,65.0,0.0,Hangat,Sumatera Utara,Pematangsiantar,0.965221322603008,False
Pematangsiantar,2026-09-28 18:00:00,28.0,70.8,0.6,Hangat,Sumatera Utara,Pematangsiantar,0.8549686490534316,False
Pematangsiantar,2026-09-28 19:00:00,27.6,67.6,0.0,Hangat,Sumatera Utara,Pematangsiantar,0.7447159755038552,False
Pematangsiantar,2026-09-28 20:00:00,26.7,73.2,0.0,Hangat,Sumatera Utara,Pematangsiantar,0.4966474600173066,False
Pematangsiantar,2026-09-28 21:00:00,25.5,74.7,0.0,Hangat,Sumatera Utara,Pematangsiantar,0.1658894393685761,False
Pematangsiantar,2026-09-28 22:00:00,25.5,70.3,0.0,Hangat,Sumatera Utara,Pematangsiantar,0.1658894393685761,False
Pematangsiantar,2026-09-28 23:00:00,23.7,81.5,0.0,Sejuk,Sumatera Utara,Pematangsiantar,-0.33024759160452,False
Pematangsiantar,2026-09-29 00:00:00,21.6,84.0,0.0,Sejuk,Sumatera Utara,Pematangsiantar,-0.909074127739798,False
Pematangsiantar,2026-09-29 01:00:00,21.0,87.7,0.0,Sejuk,Sumatera Utara,Pematangsiantar,-1.0744531380641638,False
Pematangsiantar,2026-09-29 02:00:00,21.3,83.5,0.0,Sejuk,Sumatera Utara,Pematangsiantar,-0.9917636329019808,False
Pematangsiantar,2026-09-29 03:00:00,21.7,89.4,0.0,Sejuk,Sumatera Utara,Pematangsiantar,-0.8815109593524044,False
Pematangsiantar,2026-09-29 04:00:00,21.5,89.3,0.0,Sejuk,Sumatera Utara,Pematangsiantar,-0.9366372961271926,False
Pematangsiantar,2026-09-29 05:00:00,21.2,90.1,0.0,Sejuk,Sumatera Utara,Pematangsiantar,-1.0193268012893757,False
Pematangsiantar,2026-09-29 06:00:00,21.3,84.6,0.0,Sejuk,Sumatera Utara,Pematangsiantar,-0.9917636329019808,False
Pematangsiantar,2026-09-29 07:00:00,21.2,87.4,0.0,Sejuk,Sumatera Utara,Pematangsiantar,-1.0193268012893757,False
Pematangsiantar,2026-09-29 08:00:00,22.7,86.5,0.0,Sejuk,Sumatera Utara,Pematangsiantar,-0.6058792754784622,False
Pematangsiantar,2026-09-29 09:00:00,24.7,82.8,0.0,Sejuk,Sumatera Utara,Pematangsiantar,-0.0546159077305778,False
Pematangsiantar,2026-09-29 10:00:00,24.6,74.5,0.0,Sejuk,Sumatera Utara,Pematangsiantar,-0.0821790761179714,False
Pematangsiantar,2026-09-29 11:00:00,26.5,77.3,0.0,Hangat,Sumatera Utara,Pematangsiantar,0.4415211232425183,False
Pematangsiantar,2026-09-29 12:00:00,25.9,73.1,0.0,Hangat,Sumatera Utara,Pematangsiantar,0.2761421129181526,False
Pematangsiantar,2026-09-29 13:00:00,26.9,71.9,0.0,Hangat,Sumatera Utara,Pematangsiantar,0.5517737967920948,False
Pematangsiantar,2026-09-29 14:00:00,28.3,62.5,0.0,Hangat,Sumatera Utara,Pematangsiantar,0.9376581542156144,False
Pematangsiantar,2026-09-29 15:00:00,28.3,69.6,0.0,Hangat,Sumatera Utara,Pematangsiantar,0.9376581542156144,False
Pematangsiantar,2026-09-29 16:00:00,27.2,66.2,1.4,Hangat,Sumatera Utara,Pematangsiantar,0.6344633019542777,False
Pematangsiantar,2026-09-29 17:00:00,29.2,69.4,0.0,Hangat,Sumatera Utara,Pematangsiantar,1.185726669702162,False
Pematangsiantar,2026-09-29 18:00:00,24.7,71.8,0.0,Sejuk,Sumatera Utara,Pematangsiantar,-0.0546159077305778,False
Pematangsiantar,2026-09-29 19:00:00,27.4,71.6,0.0,Hangat,Sumatera Utara,Pematangsiantar,0.6895896387290659,False
Pematangsiantar,2026-09-29 20:00:00,26.0,72.6,0.5,Hangat,Sumatera Utara,Pematangsiantar,0.3037052813055472,False
Pematangsiantar,2026-09-29 21:00:00,26.2,72.2,0.0,Hangat,Sumatera Utara,Pematangsiantar,0.3588316180803355,False
Pematangsiantar,2026-09-29 22:00:00,24.7,75.8,0.0,Sejuk,Sumatera Utara,Pematangsiantar,-0.0546159077305778,False
Pematangsiantar,2026-09-29 23:00:00,23.7,83.1,0.0,Sejuk,Sumatera Utara,Pematangsiantar,-0.33024759160452,False
Pematangsiantar,2026-09-30 00:00:00,23.5,85.6,0.0,Sejuk,Sumatera Utara,Pematangsiantar,-0.3853739283793082,False
Pematangsiantar,2026-09-30 01:00:00,22.2,92.1,0.0,Sejuk,Sumatera Utara,Pematangsiantar,-0.7436951174154333,False
Pematangsiantar,2026-09-30 02:00:00,20.1,91.5,0.0,Sejuk,Sumatera Utara,Pematangsiantar,-1.3225216535507114,False
Pematangsiantar,2026-09-30 03:00:00,21.0,91.6,0.0,Sejuk,Sumatera Utara,Pematangsiantar,-1.0744531380641638,False
Pematangsiantar,2026-09-30 04:00:00,20.0,83.2,0.0,Dingin,Sumatera Utara,Pematangsiantar,-1.350084821938106,False
Pematangsiantar,2026-09-30 05:00:00,21.2,89.2,0.0,Sejuk,Sumatera Utara,Pematangsiantar,-1.0193268012893757,False
Pematangsiantar,2026-09-30 06:00:00,20.5,79.7,0.0,Sejuk,Sumatera Utara,Pematangsiantar,-1.2122689800011348,False
Pematangsiantar,2026-09-30 07:00:00,21.6,86.4,0.0,Sejuk,Sumatera Utara,Pematangsiantar,-0.909074127739798,False
Pematangsiantar,2026-09-30 08:00:00,22.8,85.3,0.0,Sejuk,Sumatera Utara,Pematangsiantar,-0.5783161070910676,False
Pematangsiantar,2026-09-30 09:00:00,23.9,78.5,0.0,Sejuk,Sumatera Utara,Pematangsiantar,-0.2751212548297317,False
Pematangsiantar,2026-09-30 10:00:00,24.7,80.5,0.0,Sejuk,Sumatera Utara,Pematangsiantar,-0.0546159077305778,False
Pematangsiantar,2026-09-30 11:00:00,25.9,74.6,0.4,Hangat,Sumatera Utara,Pematangsiantar,0.2761421129181526,False
Pematangsiantar,2026-09-30 12:00:00,25.3,69.1,0.0,Hangat,Sumatera Utara,Pematangsiantar,0.1107631025937879,False
Pematangsiantar,2026-09-30 13:00:00,25.9,68.9,0.0,Hangat,Sumatera Utara,Pematangsiantar,0.2761421129181526,False
Pematangsiantar,2026-09-30 14:00:00,27.7,69.9,0.0,Hangat,Sumatera Utara,Pematangsiantar,0.7722791438912487,False
Pematangsiantar,2026-09-30 15:00:00,29.1,68.1,1.2,Hangat,Sumatera Utara,Pematangsiantar,1.1581635013147684,False
Pematangsiantar,2026-09-30 16:00:00,29.2,68.3,0.0,Hangat,Sumatera Utara,Pematangsiantar,1.185726669702162,False
Pematangsiantar,2026-09-30 17:00:00,27.9,63.9,3.7,Hangat,Sumatera Utara,Pematangsiantar,0.827405480666037,False
Pematangsiantar,2026-09-30 18:00:00,28.4,74.5,0.0,Hangat,Sumatera Utara,Pematangsiantar,0.965221322603008,False
Pematangsiantar,2026-09-30 19:00:00,27.5,67.8,10.7,Hangat,Sumatera Utara,Pematangsiantar,0.7171528071164606,False
Pematangsiantar,2026-09-30 20:00:00,25.4,75.8,1.8,Hangat,Sumatera Utara,Pematangsiantar,0.1383262709811815,False
Pematangsiantar,2026-09-30 21:00:00,24.9,73.4,0.0,Sejuk,Sumatera Utara,Pematangsiantar,0.0005104290442104,False
Pematangsiantar,2026-09-30 22:00:00,24.5,79.0,0.0,Sejuk,Sumatera Utara,Pematangsiantar,-0.109742244505366,False
Pematangsiantar,2026-09-30 23:00:00,24.4,79.6,0.0,Sejuk,Sumatera Utara,Pematangsiantar,-0.1373054128927606,False
Medan,2026-09-28 00:00:00,26.2,78.0,0.0,Hangat,Sumatera Utara,Medan,0.3588316180803355,False
Medan,2026-09-28 01:00:00,24.8,80.7,0.0,Sejuk,Sumatera Utara,Medan,-0.0270527393431832,False
Medan,2026-09-28 02:00:00,25.1,88.9,0.0,Hangat,Sumatera Utara,Medan,0.0556367658189996,False
Medan,2026-09-28 03:00:00,23.5,86.9,0.0,Sejuk,Sumatera Utara,Medan,-0.3853739283793082,False
Medan,2026-09-28 04:00:00,23.5,83.9,0.0,Sejuk,Sumatera Utara,Medan,-0.3853739283793082,False
Medan,2026-09-28 05:00:00,23.0,78.9,0.0,Sejuk,Sumatera Utara,Medan,-0.5231897703162793,False
Medan,2026-09-28 06:00:00,23.2,81.3,0.0,Sejuk,Sumatera Utara,Medan,-0.4680634335414911,False
Medan,2026-09-28 07:00:00,25.8,84.4,0.0,Hangat,Sumatera Utara,Medan,0.248578944530759,False
Medan,2026-09-28 08:00:00,25.8,77.8,0.0,Hangat,Sumatera Utara,Medan,0.248578944530759,False
Medan,2026-09-28 09:00:00,26.7,78.4,0.0,Hangat,Sumatera Utara,Medan,0.4966474600173066,False
Medan,2026-09-28 10:00:00,28.4,70.6,0.0,Hangat,Sumatera Utara,Medan,0.965221322603008,False
Medan,2026-09-28 11:00:00,30.5,72.1,0.0,Panas,Sumatera Utara,Medan,1.544047858738287,False
Medan,2026-09-28 12:00:00,30.1,70.7,0.0,Panas,Sumatera Utara,Medan,1.4337951851887103,False
Medan,2026-09-28 13:00:00,30.9,64.6,0.0,Panas,Sumatera Utara,Medan,1.6543005322878637,False
Medan,2026-09-28 14:00:00,31.2,67.3,0.0,Panas,Sumatera Utara,Medan,1.7369900374500464,False
Medan,2026-09-28 15:00:00,32.4,63.5,0.0,Panas,Sumatera Utara,Medan,2.067748058098777,False
Medan,2026-09-28 16:00:00,32.1,66.8,0.0,Panas,Sumatera Utara,Medan,1.985058552936595,False
Medan,2026-09-28 17:00:00,31.9,58.4,0.0,Panas,Sumatera Utara,Medan,1.9299322161618055,False
Medan,2026-09-28 18:00:00,32.5,68.0,0.0,Panas,Sumatera Utara,Medan,2.0953112264861717,False
Medan,2026-09-28 19:00:00,30.1,58.0,0.0,Panas,Sumatera Utara,Medan,1.4337951851887103,False
Medan,2026-09-28 20:00:00,31.5,70.3,0.0,Panas,Sumatera Utara,Medan,1.8196795426122288,False
Medan,2026-09-28 21:00:00,29.2,66.7,0.0,Hangat,Sumatera Utara,Medan,1.185726669702162,False
Medan,2026-09-28 22:00:00,27.9,73.7,0.0,Hangat,Sumatera Utara,Medan,0.827405480666037,False
Medan,2026-09-28 23:00:00,26.8,78.6,0.0,Hangat,Sumatera Utara,Medan,0.5242106284047012,False
Medan,2026-09-29 00:00:00,26.1,83.9,0.0,Hangat,Sumatera Utara,Medan,0.3312684496929418,False
Medan,2026-09-29 01:00:00,24.1,85.1,0.0,Sejuk,Sumatera Utara,Medan,-0.2199949180549425,False
Medan,2026-09-29 02:00:00,24.7,81.3,0.0,Sejuk,Sumatera Utara,Medan,-0.0546159077305778,False
Medan,2026-09-29 03:00:00,23.5,84.4,0.0,Sejuk,Sumatera Utara,Medan,-0.3853739283793082,False
Medan,2026-09-29 04:00:00,23.1,81.2,0.0,Sejuk,Sumatera Utara,Medan,-0.4956266019288847,False
Medan,2026-09-29 05:00:00,23.7,79.0,0.0,Sejuk,Sumatera Utara,Medan,-0.33024759160452,False
Medan,2026-09-29 06:00:00,23.6,86.1,0.0,Sejuk,Sumatera Utara,Medan,-0.3578107599919136,False
Medan,2026-09-29 07:00:00,24.1,76.0,0.0,Sejuk,Sumatera Utara,Medan,-0.2199949180549425,False
Medan,2026-09-29 08:00:00,25.7,78.5,0.0,Hangat,Sumatera Utara,Medan,0.2210157761433643,False
Medan,2026-09-29 09:00:00,26.5,77.2,0.0,Hangat,Sumatera Utara,Medan,0.4415211232425183,False
Medan,2026-09-29 10:00:00,28.2,76.0,0.0,Hangat,Sumatera Utara,Medan,0.9100949858282198,False
Medan,2026-09-29 11:00:00,29.3,72.3,0.0,Hangat,Sumatera Utara,Medan,1.2132898380895567,False
Medan,2026-09-29 12:00:00,30.0,68.1,0.0,Hangat,Sumatera Utara,Medan,1.406232016801316,False
Medan,2026-09-29 13:00:00,30.4,63.2,0.0,Panas,Sumatera Utara,Medan,1.5164846903508924,False
Medan,2026-09-29 14:00:00,31.4,62.7,0.0,Panas,Sumatera Utara,Medan,1.7921163742248347,False
Medan,2026-09-29 15:00:00,32.3,64.5,2.5,Panas,Sumatera Utara,Medan,2.0401848897113823,False
Medan,2026-09-29 16:00:00,32.7,63.5,0.0,Panas,Sumatera Utara,Medan,2.1504375632609607,False
Medan,2026-09-29 17:00:00,32.5,64.9,0.0,Panas,Sumatera Utara,Medan,2.0953112264861717,False
Medan,2026-09-29 18:00:00,31.7,66.1,0.0,Panas,Sumatera Utara,Medan,1.8748058793870173,False
Medan,2026-09-29 19:00:00,31.1,62.6,0.0,Panas,Sumatera Utara,Medan,1.7094268690626528,False
Medan,2026-09-29 20:00:00,30.8,68.2,0.0,Panas,Sumatera Utara,Medan,1.62673736390047,False
Medan,2026-09-29 21:00:00,27.7,67.9,0.0,Hangat,Sumatera Utara,Medan,0.7722791438912487,False
Medan,2026-09-29 22:00:00,27.2,76.1,0.0,Hangat,Sumatera Utara,Medan,0.6344633019542777,False
Medan,2026-09-29 23:00:00,25.9,74.1,0.0,Hangat,Sumatera Utara,Medan,0.2761421129181526,False
Medan,2026-09-30 00:00:00,26.5,75.3,0.0,Hangat,Sumatera Utara,Medan,0.4415211232425183,False
Medan,2026-09-30 01:00:00,25.7,76.1,9.8,Hangat,Sumatera Utara,Medan,0.2210157761433643,False
Medan,2026-09-30 02:00:00,27.7,85.1,0.0,Hangat,Sumatera Utara,Medan,0.7722791438912487,False
Medan,2026-09-30 03:00:00,22.4,85.2,0.0,Sejuk,Sumatera Utara,Medan,-0.6885687806406451,False
Medan,2026-09-30 04:00:00,24.1,82.1,0.0,Sejuk,Sumatera Utara,Medan,-0.2199949180549425,False
Medan,2026-09-30 05:00:00,23.8,85.9,4.4,Sejuk,Sumatera Utara,Medan,-0.3026844232171254,False
Medan,2026-09-30 06:00:00,24.2,79.6,0.0,Sejuk,Sumatera Utara,Medan,-0.1924317496675489,False
Medan,2026-09-30 07:00:00,23.8,82.4,0.0,Sejuk,Sumatera Utara,Medan,-0.3026844232171254,False
Medan,2026-09-30 08:00:00,24.8,81.1,0.4,Sejuk,Sumatera Utara,Medan,-0.0270527393431832,False
Medan,2026-09-30 09:00:00,27.5,75.3,2.6,Hangat,Sumatera Utara,Medan,0.7171528071164606,False
Medan,2026-09-30 10:00:00,27.4,75.4,0.0,Hangat,Sumatera Utara,Medan,0.6895896387290659,False
Medan,2026-09-30 11:00:00,28.7,75.5,0.0,Hangat,Sumatera Utara,Medan,1.047910827765191,False
Medan,2026-09-30 12:00:00,28.6,73.8,0.0,Hangat,Sumatera Utara,Medan,1.0203476593777974,False
Medan,2026-09-30 13:00:00,30.7,61.1,0.0,Panas,Sumatera Utara,Medan,1.5991741955130754,False
Medan,2026-09-30 14:00:00,31.5,64.8,0.0,Panas,Sumatera Utara,Medan,1.8196795426122288,False
Medan,2026-09-30 15:00:00,32.5,65.9,0.0,Panas,Sumatera Utara,Medan,2.0953112264861717,False
Medan,2026-09-30 16:00:00,32.7,70.2,0.0,Panas,Sumatera Utara,Medan,2.1504375632609607,False
Medan,2026-09-30 17:00:00,31.9,63.9,0.0,Panas,Sumatera Utara,Medan,1.9299322161618055,False
Medan,2026-09-30 18:00:00,30.7,65.8,0.0,Panas,Sumatera Utara,Medan,1.5991741955130754,False
Medan,2026-09-30 19:00:00,32.1,66.4,0.0,Panas,Sumatera Utara,Medan,1.985058552936595,False
Medan,2026-09-30 20:00:00,29.4,70.8,0.8,Hangat,Sumatera Utara,Medan,1.2408530064769503,False
Medan,2026-09-30 21:00:00,29.1,75.0,0.0,Hangat,Sumatera Utara,Medan,1.1581635013147684,False
Medan,2026-09-30 22:00:00,26.8,73.9,0.0,Hangat,Sumatera Utara,Medan,0.5242106284047012,False
Medan,2026-09-30 23:00:00,26.4,76.3,0.0,Hangat,Sumatera Utara,Medan,0.4139579548551237,False
